Protein,p_ID
HEXIM1,p0000
Tat,p0001
CDK9,p0002
hLARP7,p0003
HMGA1,p0004
SRP19,p0005
SRP54,p0006
APOBEC3F,p0007
EWSR1,p0008
PolII,p0009
PRC2,p0010
pollII,p0011
SSB,p0012
PABPC1,p0013
SRP14,p0014
SRP9,p0015
FMR1,p0016
PNUTS,p0017
SNIP1,p0018
SRP9/14 heterodimer,p0019
EIF4A1,p0020
PABP,p0021
TARDBP,p0022
TCF7L2,p0023
PRC1,p0024
CBX7,p0025
SUZ12,p0026
EIF4G1,p0027
EIF3B,p0028
EIF4B,p0029
PTB,p0030
NR3C1,p0031
IGF2BP1,p0032
ISM1,p0033
HNRNPU,p0034
EZH2,p0035
PCBP1,p0036
KDM1A,p0037
REST,p0038
CoREST,p0039
Wdr5,p0040
Mll1,p0041
TERT,p0042
DKC1,p0043
STAU1,p0044
hnRNPC,p0045
RPL22,p0046
TEP1,p0047
HNRNPA1,p0048
PINX1,p0049
Ro60,p0050
NCL,p0051
hnRNPI,p0052
HNRNPK,p0053
IFN-伪,p0054
ELAV1,p0055
HIF-1ä¼ª,p0056
VHL,p0057
PSF,p0058
1TMW_A,p0059
AAF22034.1,p0060
ANXA2,p0061
SR140,p0062
DBHS,p0063
FLOT1,p0064
SATB2,p0065
CXCL12,p0066
VEGFA,p0067
WNT5A,p0068
NRXN1,p0069
TDP-43,p0070
MMP2,p0071
PKR,p0072
SMARCA4,p0073
SMARCA2,p0074
Proteins of the Dros,p0075
PSPC1,p0076
PSP-1,p0077
FUS,p0078
LRRK2,p0079
E2F7,p0080
Rpp20,p0081
RPP29,p0082
RPP38,p0083
hPop1,p0084
Rpp25,p0085
RPP21,p0086
ELAVL1,p0087
SF1,p0088
RUNX1,p0089
SNF5,p0090
Staufen1,p0091
GTF2I,p0092
RBM8A,p0093
YWHAZ,p0094
ACIN1,p0095
ALDR,p0096
AN32A,p0097
ANP32B,p0098
PRMT1,p0099
ANX11,p0100
ASSY,p0101
BCLAF1,p0102
BRE1A,p0103
RNF40,p0104
CD11B,p0105
CLIC1,p0106
CN166,p0107
CFL1,p0108
CPSF5,p0109
CRNL1,p0110
C19orf43,p0111
CSNK2A1,p0112
CTBL1,p0113
DAZP1,p0114
DDX5,p0115
DNJC8,p0116
DNJC9,p0117
POLD1,p0118
DPOD2,p0119
ADAR,p0120
DX39A,p0121
DX39B,p0122
DYL1,p0123
ECM29,p0124
FA50A,p0125
FIP1,p0126
FDPS,p0127
FUBP2,p0128
GNB2L1,p0129
GEMI5,p0130
GPATCH8,p0131
GUAA,p0132
HNRDL,p0133
HNRH1,p0134
HNRH2,p0135
HNRH3,p0136
HNRNPUL1,p0137
HNRNPUL2,p0138
HNRLL,p0139
HNRNPD,p0140
HNRNPF,p0141
HNRPG,p0142
hnRNPL,p0143
hnRNPM,p0144
SYNCRIP,p0145
HNRNPR,p0146
HSP74,p0147
IDHC,p0148
IF2B1,p0149
IGF2BP3,p0150
eIF4AIII,p0151
IF4H,p0152
EIF5A,p0153
K1967,p0154
KAD1,p0155
KHDR1,p0156
KI67,p0157
LAP2A,p0158
LC7L2,p0159
LC7L3,p0160
LEG3,p0161
LKHA4,p0162
MARE1,p0163
RNMT,p0164
MAT2A,p0165
MGN,p0166
MINT,p0167
MRE11,p0168
MRT4,p0169
EMG1,p0170
NOG1,p0171
NPM1,p0172
PABPN1,p0173
SERBP1,p0174
PDIP3,p0175
PIMT,p0176
PNN,p0177
PM14,p0178
PNPH,p0179
PPP1CA,p0180
PPAC,p0181
PPHLN,p0182
PR38A,p0183
PR38B,p0184
PFN1,p0185
PRP16,p0186
PRPF19,p0187
PRP31,p0188
PRP4B,p0189
PRPF6,p0190
PRP8,p0191
RALY,p0192
RB12B,p0193
TAF15,p0194
RECQ1,p0195
RED,p0196
RFA1,p0197
RFA2,p0198
RL10,p0199
RL10A,p0200
RPL17,p0201
RL23,p0202
RPL23A,p0203
RL26,p0204
RL27,p0205
RL3,p0206
RPL30,p0207
RL31,p0208
RL32,p0209
RL4,p0210
RPL5,p0211
RL7,p0212
RPL7A,p0213
RNZ2,p0214
HNRNPA0,p0215
MOV10,p0216
HNRNPA3,p0217
RPB1,p0218
RPB2,p0219
RPB7,p0220
RPR1A,p0221
RPRD1B,p0222
RRP44,p0223
RS10,p0224
RS12,p0225
RS13,p0226
RPS14,p0227
RS15A,p0228
RS17,p0229
RS18,p0230
RPS3,p0231
RS3A,p0232
RS4X,p0233
RS6,p0234
RS7,p0235
RS8,p0236
SNRPN,p0237
SNRNP70,p0238
RU1C,p0239
SNRPA1,p0240
RUVBL2,p0241
RUXE,p0242
RUXF,p0243
RUXG,p0244
S10A4,p0245
S100A11,p0246
SAP30BP,p0247
SAE2,p0248
SAFB1,p0249
SAHH,p0250
SERC,p0251
NANS,p0252
SK2L2,p0253
SMARCA5,p0254
SmD1,p0255
SNRPD2,p0256
SmD3,p0257
SMN,p0258
SNR40,p0259
SART1,p0260
SNUT2,p0261
SUPT16H,p0262
SPB6,p0263
BCAS2,p0264
SPF45,p0265
SPS1,p0266
SPT5H,p0267
SPT6H,p0268
SRp38,p0269
SRS11,p0270
SYF1,p0271
T2FB,p0272
TCP4,p0273
TCRG1,p0274
TF3C1,p0275
TF3C4,p0276
TFP11,p0277
TXN,p0278
TIAL1,p0279
TRIM28,p0280
TPI1,p0281
TR150,p0282
TRA2A,p0283
TYSY,p0284
SNRNP200,p0285
U5S1,p0286
UBE2M,p0287
UBE2I,p0288
USP5,p0289
UBP7,p0290
VIR,p0291
XPO2,p0292
YBOX1,p0293
YTDC1,p0294
ZC11A,p0295
ZFC3H1,p0296
ZC3HD,p0297
ZC3HE,p0298
ZC3H18,p0299
ZN326,p0300
ZN638,p0301
EIF3F,p0302
SAP18,p0303
CHD1,p0304
HAT1,p0305
CRM1,p0306
BTAF1,p0307
HMGB3,p0308
DHX15,p0309
PRPF3,p0310
PPIH,p0311
PLRG1,p0312
BUB3,p0313
AKAP8,p0314
DHX16,p0315
AQR,p0316
PQBP1,p0317
AHRR,p0318
SAP155,p0319
KIF4A,p0320
LMNA,p0321
CDK1,p0322
LDHB,p0323
ANXA6,p0324
ANXA5,p0325
SNRPA,p0326
HMGB1,p0327
PARP1,p0328
TOP1,p0329
TOP2A,p0330
PCNA,p0331
TPR,p0332
ANXA3,p0333
XRCC6,p0334
XRCC5,p0335
SON,p0336
PGAM1,p0337
RCC1,p0338
ANXA7,p0339
UBA1,p0340
TCEA1,p0341
MCM3,p0342
S100P,p0343
DNMT1,p0344
U2AF2,p0345
HMGB2,p0346
PTBP1,p0347
APEX1,p0348
TKT,p0349
PRDX6,p0350
PEBP1,p0351
CSTF2,p0352
MCM4,p0353
MCM5,p0354
MCM7,p0355
DEK,p0356
PGM1,p0357
COIL,p0358
FEN1,p0359
BUD31,p0360
MATR3,p0361
MSH2,p0362
NASP,p0363
MCM2,p0364
YLPM1,p0365
RBM25,p0366
HINT1,p0367
HDGF,p0368
NCBP2,p0369
MSH6,p0370
THOP1,p0371
MFAP1,p0372
ARF3,p0373
PSME3,p0374
RAN,p0375
GRB2,p0376
TRA2B,p0377
SKP1,p0378
RBM6,p0379
PRKDC,p0380
SARNP,p0381
ERH,p0382
SRp20,p0383
U2AF1,p0384
SET,p0385
SFRS2,p0386
CSTF1,p0387
SFRS1,p0388
SRSF4,p0389
DHX9,p0390
SSRP1,p0391
SAKI,p0392
NCBP1,p0393
CPSF1,p0394
SAP61,p0395
ILF2,p0396
ILF3,p0397
CSTF3,p0398
CBX3,p0399
SRSF9,p0400
SRSF5,p0401
SRSF6,p0402
PPIG,p0403
SF3B2,p0404
PIN1,p0405
SNW1,p0406
CUL4A,p0407
CIRBP,p0408
SAFB2,p0409
RBM39,p0410
HLTF,p0411
DHX8,p0412
MCM6,p0413
SMC1A,p0414
CHD4,p0415
IL18BP,p0416
SART3,p0417
RNPS1,p0418
SF3B3,p0419
SAP62,p0420
SAP114,p0421
DDB1,p0422
RBBP7,p0423
SFRS7,p0424
CPSF6,p0425
PDS5A,p0426
TSR1,p0427
SMU1,p0428
RBM26,p0429
CDC73,p0430
CTR9,p0431
WDR82,p0432
BZW1,p0433
RSRC2,p0434
RBBP6,p0435
CAND1,p0436
DDX42,p0437
CHERP,p0438
SUGP2,p0439
CCAR1,p0440
SRm160,p0441
CARF,p0442
CPSF7,p0443
PAF1,p0444
DDX1,p0445
SYMPK,p0446
RAD50,p0447
CELF1,p0448
GPKOW,p0449
TNPO1,p0450
FUBP3,p0451
RBM14,p0452
QKI,p0453
RBM15,p0454
PNKP,p0455
CDC5L,p0456
DDX23,p0457
RBM4,p0458
SRRT,p0459
SETD2,p0460
WDR33,p0461
XRN2,p0462
DDX47,p0463
PHAX,p0464
XPO5,p0465
NCOA5,p0466
LUC7L,p0467
DDX21,p0468
MBNL1,p0469
RBM12,p0470
MDN1,p0471
FANCI,p0472
RBM22,p0473
WDR70,p0474
SLTM,p0475
CWC15,p0476
RCC2,p0477
BCCIP,p0478
NXF1,p0479
DDX20,p0480
PUF60,p0481
DDX41,p0482
SRRM2,p0483
PA2G4,p0484
SMC3,p0485
WBP11,p0486
NOSIP,p0487
PPIL1,p0488
RTCB,p0489
CRIP2,p0490
GCFC1,p0491
1433T,p0492
ARGL1,p0493
C19L2,p0494
C9orf78,p0495
CSK22,p0496
CSK2B,p0497
CT043,p0498
DJC17,p0499
DNLI3,p0500
EZR,p0501
FBL,p0502
FKB1A,p0503
HTSF1,p0504
KIAA0947,p0505
MDHC,p0506
NADAP,p0507
NHP2L1,p0508
PAPS2,p0509
PCNP,p0510
PRP17,p0511
SNRPB2,p0512
SMNDC1,p0513
SRP09,p0514
TR112,p0515
TRIM33,p0516
NOP56,p0517
PDCD5,p0518
PPM1G,p0519
TBCA,p0520
IPO7,p0521
SYF2,p0522
MIF,p0523
CBR1,p0524
RFC4,p0525
RFC5,p0526
Lsm3,p0527
Lsm6,p0528
TOP2B,p0529
ATM,p0530
PPIL2,p0531
NOLC1,p0532
SAP49,p0533
PHF5A,p0534
PPIL4,p0535
PRCC,p0536
PPWD1,p0537
TOE1,p0538
ZMAT2,p0539
PUS7,p0540
TGS1,p0541
MCMBP,p0542
SF3B5,p0543
CWC22,p0544
NOP10,p0545
SMC4,p0546
NUDT5,p0547
ISY1,p0548
PPIE,p0549
NOP58,p0550
LSM4,p0551
MPP10,p0552
U3-55K,p0553
PRPF8,p0554
LSM1,p0555
LSM8,p0556
LSM7,p0557
LSM2,p0558
LSM5,p0559
LSM11,p0560
LSM10,p0561
GAR1,p0562
hPSF,p0563
GAGE6,p0564
Oct1,p0565
IGF2BP2,p0566
IGR2,p0567
CDKN1C,p0568
H2AFX,p0569
CDKN1A,p0570
BCL2,p0571
BBC3,p0572
BAX,p0573
AR,p0574
STAT1,p0575
IMP3,p0576
IMP1,p0577
ZBP1,p0578
DLK1,p0579
CASP8,p0580
CASP3,p0581
BCL2L1,p0582
HIF1A,p0583
TIE1,p0584
TP53,p0585
EHMT2,p0586
MYCN,p0587
PINK1,p0588
CREB1,p0589
AKT1,p0590
PMEPA1,p0591
NDRG1,p0592
KLK3,p0593
FGF8,p0594
BRCA1,p0595
Mtor,p0596
NFYA,p0597
IGF2R,p0598
NM23,p0599
FGF18,p0600
ANG,p0601
RPP30,p0602
BC1,p0603
MYC,p0604
MDM2,p0605
cyclic AMP,p0606
AGO2,p0607
EED,p0608
Sox2,p0609
NKX2-2,p0610
GNAS,p0611
HFE,p0612
BDNF,p0613
HAS2,p0614
iNOS,p0615
RPS6KA2,p0616
DISC1,p0617
Runx2,p0618
INS,p0619
Msx1,p0620
FGFR3,p0621
glmS,p0622
Cop2,p0623
KCNQ1,p0624
UBE3A,p0625
COPG2,p0626
Peg1,p0627
FGF7,p0628
RFP2,p0629
HOXD11,p0630
HOXD8,p0631
HOXD9,p0632
MCL1,p0633
ZEB2,p0634
PEG11,p0635
GAL4,p0636
BOK,p0637
TNFRSF17,p0638
DLG2,p0639
PEG3,p0640
MYOD1,p0641
E2F4,p0642
ATXN7,p0643
KLHL11,p0644
TXNRD2,p0645
TXNRD1,p0646
TXNRD3,p0647
TRAF3IP2,p0648
DAB2IP,p0649
CENPF,p0650
CXCL11,p0651
NEDD9,p0652
CTNNB1,p0653
JUNB,p0654
DIO3,p0655
NPPA,p0656
SMAD5,p0657
DHRS4,p0658
DHRS4L2,p0659
DHRS4L1,p0660
IFNG,p0661
WT1,p0662
HLA-DQB1,p0663
TFIIH,p0664
DDX46,p0665
HLA-DRB1,p0666
ASF,p0667
IMP4,p0668
PRPF4,p0669
U5-15KD,p0670
TBP,p0671
NS-1,p0672
MVP,p0673
Ro52,p0674
SRP72,p0675
SRP68,p0676
TNFRSF1A,p0677
THBS1,p0678
SERPINE1,p0679
NME4,p0680
NFKBIA,p0681
NFKB1,p0682
MTA1,p0683
MCAM,p0684
JUN,p0685
EPDR1,p0686
E2F1,p0687
CD44,p0688
BIRC5,p0689
Rbm20,p0690
Coilin,p0691
RBPMS,p0692
LIN28B,p0693
PUM2,p0694
IGF2P1,p0695
EIF3G,p0696
TNRC6C,p0697
TNRC6A,p0698
TNRC6B,p0699
ORF57,p0700
IAPP,p0701
TP53INP1,p0702
RBM47,p0703
PSEN1,p0704
AMPD1,p0705
C2,p0706
DDB2,p0707
TOR1A,p0708
ETFA,p0709
FANCA,p0710
FTL,p0711
GALK1,p0712
GP1BA,p0713
GPI,p0714
ITGB4,p0715
KRT18,p0716
LIG1,p0717
MEN1,p0718
PGAM2,p0719
PKP1,p0720
TNNT2,p0721
CTSK,p0722
APRT,p0723
IL11,p0724
ACHE,p0725
ATP1A1,p0726
BLVRB,p0727
CACNB3,p0728
CRAT,p0729
GRIN2D,p0730
GRINA,p0731
IGF1R,p0732
ITGB7,p0733
SERPINF2,p0734
RARG,p0735
RPL13,p0736
RPL18,p0737
STX16,p0738
NDUFV3,p0739
USP16,p0740
GMPR2,p0741
C4A,p0742
RECQL5,p0743
LRRC29,p0744
DNM1,p0745
DNM2,p0746
TTYH1,p0747
HIST2H3A,p0748
YBEY,p0749
TCEAL3,p0750
SPOP,p0751
CSDE1,p0752
C7orf59,p0753
SPDYC,p0754
CKAP5,p0755
LBX2,p0756
MEIS3,p0757
FAM102B,p0758
CLEC18B,p0759
MCRS1,p0760
SLC3A2,p0761
NUDT17,p0762
CTU2,p0763
KLK6,p0764
EXOC7,p0765
CXorf40B,p0766
ETFB,p0767
TM9SF1,p0768
SLX1A,p0769
RPS11,p0770
LLGL2,p0771
HDAC5,p0772
UFSP1,p0773
SULT1A3,p0774
RCCD1,p0775
OS9,p0776
OPA3,p0777
MUC1,p0778
CORO1B,p0779
RPS21,p0780
ASPDH,p0781
BRMS1,p0782
VRK3,p0783
RPS24,p0784
RPS25,p0785
KCTD21,p0786
AHDC1,p0787
ZNF16,p0788
COX19,p0789
SPDYE2,p0790
TRMT11,p0791
CRELD1,p0792
ATAT1,p0793
BOLA2B,p0794
UBE2V1,p0795
C17orf62,p0796
TRPT1,p0797
HIST1H4D,p0798
NHP2,p0799
SRA1,p0800
AGBL5,p0801
PRIC285,p0802
NBPF9,p0803
EIF3C,p0804
SLC38A10,p0805
GOLGA6A,p0806
ATP6V1C2,p0807
RGS19,p0808
CHTF8,p0809
NBPF10,p0810
ARAP1,p0811
C16orf13,p0812
RUFY1,p0813
CRCP,p0814
P2RY11,p0815
HSF4,p0816
BCL2L12,p0817
KIAA0895L,p0818
HIST2H2AA3,p0819
MLPH,p0820
MAZ,p0821
LTBP4,p0822
PVRL2,p0823
REC8,p0824
SCYL1,p0825
UBTF,p0826
MYH14,p0827
SLC25A45,p0828
TAC4,p0829
APH1A,p0830
TMEM134,p0831
XBP1,p0832
RASA4,p0833
CCDC88C,p0834
ZNF629,p0835
UNK,p0836
LMTK3,p0837
HSF5,p0838
C11orf94,p0839
LRRC4B,p0840
PABPN1L,p0841
TNRC18,p0842
CCDC159,p0843
PXN,p0844
KRT80,p0845
DMPK,p0846
ZGPAT,p0847
CHMP1A,p0848
C10orf26,p0849
TMEM22,p0850
GPR89A,p0851
POLR2J2,p0852
GPR89B,p0853
SMARCD2,p0854
CDK10,p0855
PNPLA7,p0856
AKT1S1,p0857
RNF169,p0858
FAM89B,p0859
C18orf19,p0860
TINF2,p0861
PTMA,p0862
EHBP1L1,p0863
EIF3CL,p0864
HOOK2,p0865
C19orf76,p0866
NBPF24,p0867
SIKE,p0868
NBPF16,p0869
SYCE2,p0870
TLK2,p0871
ZNF276,p0872
UPK3BL,p0873
AGAP2,p0874
THTPA,p0875
ORAI2,p0876
CSK,p0877
ACSF3,p0878
CBX1,p0879
SPG21,p0880
FBLN7,p0881
SULF1,p0882
SLC39A13,p0883
TPRN,p0884
NUDT22,p0885
CLK3,p0886
KARS,p0887
NR1H3,p0888
LTBP3,p0889
SMARCC2,p0890
PSMB5,p0891
NELF,p0892
CIZ1,p0893
ACP2,p0894
ARFRP1,p0895
KLC2,p0896
DNAJB5,p0897
SIGIRR,p0898
PIP5K1A,p0899
PHPT1,p0900
DOLPP1,p0901
FXYD3,p0902
KLK11,p0903
ZNF692,p0904
DHRS1,p0905
CPT1C,p0906
ATF6B,p0907
GRAMD1A,p0908
AGER,p0909
ANP32E,p0910
LYSMD1,p0911
EDC3,p0912
CASKIN2,p0913
PIEZO1,p0914
LTB4R,p0915
BANF1,p0916
NDOR1,p0917
CD58,p0918
DOK3,p0919
TM6SF1,p0920
EFCAB3,p0921
PALM3,p0922
Smad3,p0923
RELA,p0924
TMC4,p0925
LRTOMT,p0926
ALDH16A1,p0927
SETDB1,p0928
EHMT1,p0929
GLG1,p0930
RDH13,p0931
JPH4,p0932
MBOAT7,p0933
MFSD10,p0934
RASGRP4,p0935
KDM5C,p0936
BNIPL,p0937
FCHO1,p0938
GYS1,p0939
TMEM189,p0940
C17orf109,p0941
C17orf110,p0942
ZNF580,p0943
WDR81,p0944
VSIG10L,p0945
EIF4ENIF1,p0946
DOK7,p0947
LTB4R2,p0948
PYGM,p0949
SLC25A11,p0950
GDPD1,p0951
SKA3,p0952
CLCF1,p0953
DHX40,p0954
SPDYE2L,p0955
TPBG,p0956
NDUFB4,p0957
CUL7,p0958
SAP25,p0959
PCTK1,p0960
LPPR2,p0961
IFITM10,p0962
CLCN2,p0963
FAM131A,p0964
CAMTA2,p0965
CXorf40A,p0966
FUZ,p0967
CELF3,p0968
RAB40C,p0969
SLC34A3,p0970
STAT6,p0971
TSSK4,p0972
PEX11B,p0973
ESYT1,p0974
C9orf25,p0975
KIAA0430,p0976
NOL3,p0977
ARHGDIA,p0978
TMEM238,p0979
FAM193B,p0980
SYTL1,p0981
NUP62,p0982
DIDO1,p0983
UCKL1,p0984
MAP3K12,p0985
ATF5,p0986
POGZ,p0987
DDIT3,p0988
C19orf81,p0989
TRPM4,p0990
IRF3,p0991
HIRIP3,p0992
ARNT,p0993
ADCY4,p0994
PI4KB,p0995
PSMC5,p0996
CEP112,p0997
MYL6B,p0998
MDP1,p0999
NEDD8-MDP1,p1000
SH3GL1,p1001
MDM4,p1002
FLT3LG,p1003
SCNM1,p1004
CHTOP,p1005
KAT5,p1006
TFR2,p1007
C16orf3,p1008
EIF1AD,p1009
DEF8,p1010
LOC100293534,p1011
KLHDC3,p1012
PDE8A,p1013
B9D1,p1014
CD2BP2,p1015
SPIB,p1016
STX5,p1017
TAOK2,p1018
ZBTB7B,p1019
TRIM65,p1020
ANKRD11,p1021
ARAF,p1022
KIF22,p1023
KRT8,p1024
TMPRSS3,p1025
PTK6,p1026
DENND2C,p1027
PRRT2,p1028
TRIM46,p1029
NR1H2,p1030
CHD2,p1031
AP1S1,p1032
CTSW,p1033
DSCAM,p1034
EEF1G,p1035
CELSR2,p1036
GAS8,p1037
HAS1,p1038
SLC29A2,p1039
ABCA2,p1040
ADRBK1,p1041
CFB,p1042
CENPB,p1043
COX5B,p1044
CTSD,p1045
CYC1,p1046
EEF1A2,p1047
FAU,p1048
GABPB1,p1049
GH2,p1050
IGHMBP2,p1051
LRCH4,p1052
LTBR,p1053
MC1R,p1054
MAP3K3,p1055
MAP3K11,p1056
NUDT1,p1057
NRAS,p1058
NTSR1,p1059
PBX2,p1060
PDE2A,p1061
PFDN5,p1062
PFKL,p1063
PLCG1,p1064
POLA2,p1065
PSMB4,p1066
PSMC3,p1067
PSMD4,p1068
PSMD7,p1069
RDBP,p1070
SLC10A1,p1071
SMARCD1,p1072
SP2,p1073
SPG7,p1074
SUPT4H1,p1075
SURF1,p1076
TCEA2,p1077
NFE2L1,p1078
TFF1,p1079
TM7SF2,p1080
TPT1,p1081
VGF,p1082
ZAN,p1083
ZFP36,p1084
MZF1,p1085
PAX8,p1086
DOC2A,p1087
PPFIA1,p1088
ITGA10,p1089
PPFIA3,p1090
NOP14,p1091
STC2,p1092
SSNA1,p1093
EIF4EBP3,p1094
EDF1,p1095
GPAA1,p1096
TNFRSF6B,p1097
NAPA,p1098
GALR2,p1099
AP1G2,p1100
RPS6KB2,p1101
CLK2,p1102
BDH1,p1103
AP2S1,p1104
Fas,p1105
NDUFB7,p1106
DRG1,p1107
STK19,p1108
FIBP,p1109
CYTH2,p1110
RECQL4,p1111
RIN1,p1112
CALR,p1113
CTSH,p1114
ENSA,p1115
EPHB4,p1116
BPTF,p1117
FARSA,p1118
GOLGA2,p1119
HNRNPAB,p1120
KCNQ2,p1121
MYBPC2,p1122
NDUFA3,p1123
OVOL1,p1124
SULT2B1,p1125
C21orf33,p1126
USP11,p1127
ARHGEF1,p1128
GPR37L1,p1129
PEX16,p1130
KCNK6,p1131
IL27RA,p1132
NAPSA,p1133
C16orf7,p1134
ACTN4,p1135
MRPL49,p1136
C21orf2,p1137
DMWD,p1138
KCNC3,p1139
MARS,p1140
RAD23A,p1141
SLC27A4,p1142
DOPEY2,p1143
ALDOC,p1144
GNB2,p1145
GNL1,p1146
PDLIM7,p1147
MAPK8IP1,p1148
NAALADL1,p1149
MED16,p1150
DOM3Z,p1151
HSF1,p1152
LAD1,p1153
LAMA5,p1154
PTPRCAP,p1155
SCAMP3,p1156
KCNK7,p1157
ARPC1B,p1158
ACTR1B,p1159
SLC35B1,p1160
NAB2,p1161
VPS72,p1162
ALKBH1,p1163
PCNT,p1164
MRC2,p1165
APBB3,p1166
AGFG2,p1167
PIAS3,p1168
NUCB1,p1169
PSME1,p1170
DPF2,p1171
RRAS,p1172
SSSCA1,p1173
AGPAT1,p1174
SPTLC1,p1175
SPAG5,p1176
POLR3C,p1177
PTPRE,p1178
ZNF217,p1179
STARD10,p1180
SIPA1,p1181
CDC42EP2,p1182
MORF4L1,p1183
KDELR1,p1184
COPS6,p1185
TMED1,p1186
ADAP1,p1187
RNF5,p1188
SKIV2L,p1189
SPTBN2,p1190
SYN1,p1191
ADRM1,p1192
WWP1,p1193
RER1,p1194
CD160,p1195
VEZF1,p1196
PKP3,p1197
GALNT6,p1198
NXPH3,p1199
HSP90AB1,p1200
ADAT1,p1201
CA14,p1202
RABGAP1,p1203
B3GAT3,p1204
SLC27A5,p1205
KCNH3,p1206
NTSR2,p1207
GMEB2,p1208
RPL13A,p1209
FHOD1,p1210
C11orf2,p1211
IL17C,p1212
POLM,p1213
SAC3D1,p1214
CCDC106,p1215
SNX8,p1216
TFPT,p1217
TMOD4,p1218
ANAPC2,p1219
SERTAD3,p1220
SLC25A24,p1221
FTSJ2,p1222
PILRA,p1223
C11orf51,p1224
LRP10,p1225
LAT2,p1226
CHMP4A,p1227
TMEM208,p1228
AP2A1,p1229
ZNHIT2,p1230
QPRT,p1231
CIDEB,p1232
CHMP2A,p1233
RNF115,p1234
TOR1B,p1235
CNOT3,p1236
ARHGEF10,p1237
ZNF592,p1238
LRRC14,p1239
GREB1,p1240
DHX34,p1241
SETD1A,p1242
MLL4,p1243
KIAA0195,p1244
DHCR24,p1245
ARHGEF17,p1246
TRIM14,p1247
PLEKHM1,p1248
FARP2,p1249
OSBPL2,p1250
SV2A,p1251
SEC16A,p1252
HELZ,p1253
PDAP1,p1254
PLEKHA6,p1255
TCF25,p1256
PDXDC1,p1257
ZHX3,p1258
SETX,p1259
SETD1B,p1260
N4BP3,p1261
FAM168A,p1262
RPRD2,p1263
NUP160,p1264
SPRYD3,p1265
SMG5,p1266
NUP188,p1267
SCRIB,p1268
SPEF1,p1269
COBRA1,p1270
TBC1D10B,p1271
GPATCH4,p1272
PRPF31,p1273
GTPBP5,p1274
GLTSCR1,p1275
COL5A3,p1276
STMN3,p1277
NMD3,p1278
SLC35C2,p1279
FAM158A,p1280
HDGFRP3,p1281
BOLA1,p1282
TRAPPC4,p1283
SHANK1,p1284
EGLN2,p1285
AMOTL2,p1286
TRAPPC2L,p1287
RTEL1,p1288
SCLY,p1289
ZNF581,p1290
GOLM1,p1291
EFEMP2,p1292
PTOV1,p1293
SURF2,p1294
TMED9,p1295
CDC42BPG,p1296
MED29,p1297
PPP1R12C,p1298
FTSJ3,p1299
FAM83E,p1300
C9orf167,p1301
EPS8L1,p1302
RNF43,p1303
LIME1,p1304
EXD3,p1305
SSH3,p1306
LAMTOR1,p1307
PIH1D1,p1308
ZCWPW1,p1309
CCDC94,p1310
SMG8,p1311
ARF,p1312
C7orf43,p1313
PRR11,p1314
RNF121,p1315
TBC1D2,p1316
RRN3,p1317
ABCA5,p1318
MYO5C,p1319
EXOSC4,p1320
TNXB,p1321
PPP1R37,p1322
KLK12,p1323
SLC2A4RG,p1324
SEMA4B,p1325
PPAN,p1326
YIF1A,p1327
ANKHD1-EIF4EBP3,p1328
ZNF512B,p1329
PRR12,p1330
ALPK3,p1331
ZNF687,p1332
COL20A1,p1333
CSH1,p1334
MYL6,p1335
HIST1H2BD,p1336
NMB,p1337
ADCY1,p1338
POLD4,p1339
CATSPERG,p1340
PRUNE,p1341
SCAF1,p1342
SNX6,p1343
C12orf10,p1344
TSKS,p1345
LMAN1L,p1346
PPP1R11,p1347
FBXW4,p1348
CERS2,p1349
GPSM3,p1350
PRSS22,p1351
XYLT2,p1352
GIGYF1,p1353
SMURF2,p1354
RMND5B,p1355
TUT1,p1356
DDRGK1,p1357
YIPF2,p1358
SLX1B,p1359
METTL16,p1360
TRAPPC6A,p1361
C9orf16,p1362
PPDPF,p1363
LENG1,p1364
C16orf53,p1365
BBS1,p1366
C11orf80,p1367
PRKRIP1,p1368
IPO4,p1369
IGFLR1,p1370
AAGAB,p1371
ELMO3,p1372
ZDHHC11,p1373
SNX22,p1374
ZNF672,p1375
MUS81,p1376
DNAJC5,p1377
ZBTB46,p1378
RNF39,p1379
LIMD2,p1380
SNX27,p1381
CDT1,p1382
TRIM56,p1383
MED25,p1384
SHARPIN,p1385
RAB1B,p1386
CABLES2,p1387
RNF208,p1388
FERMT3,p1389
CACNG8,p1390
FRMD8,p1391
FAM186B,p1392
RNASEH2C,p1393
CHD6,p1394
PCNXL3,p1395
MNF1,p1396
MXRA8,p1397
SYVN1,p1398
SPIRE2,p1399
C9orf24,p1400
ABHD1,p1401
PCGF1,p1402
SUV420H2,p1403
ZBTB45,p1404
SPPL2A,p1405
TMEM87B,p1406
CIRH1A,p1407
WDR73,p1408
RELT,p1409
PPP1R16A,p1410
TRIM4,p1411
GAL3ST3,p1412
RRP36,p1413
ZNF628,p1414
SURF4,p1415
ZFHX2,p1416
TRIM41,p1417
WDR34,p1418
CCDC97,p1419
GADD45GIP1,p1420
MBD6,p1421
STK11IP,p1422
LENG8,p1423
MOB2,p1424
WFIKKN1,p1425
UBE2J2,p1426
PTPN6,p1427
SAMD10,p1428
ABHD16B,p1429
SRMS,p1430
OSCAR,p1431
ELMO2,p1432
DEDD2,p1433
SPACA4,p1434
JOSD2,p1435
CEP95,p1436
AP5B1,p1437
FAM71E1,p1438
C12orf57,p1439
MFSD3,p1440
TECR,p1441
WDR85,p1442
MSI2,p1443
MAPK15,p1444
TMEM190,p1445
LGI4,p1446
COX6B2,p1447
DCST2,p1448
ADHFE1,p1449
CAPN12,p1450
APOA1BP,p1451
TSNARE1,p1452
CCNY,p1453
CENPBD1,p1454
TIGD3,p1455
CERS5,p1456
C15orf42,p1457
C15orf27,p1458
SPATA2L,p1459
C9orf163,p1460
SNX32,p1461
TSGA10IP,p1462
APCDD1L,p1463
AGXT2L2,p1464
DNAJB13,p1465
LIX1L,p1466
REM2,p1467
ZNF584,p1468
INO80E,p1469
HEXDC,p1470
C14orf21,p1471
C19orf63,p1472
SIX5,p1473
SLC35B2,p1474
PILRB,p1475
LCN12,p1476
ZACN,p1477
MRPL21,p1478
GJC3,p1479
METTL2A,p1480
CNIH2,p1481
THEM5,p1482
ANKDD1A,p1483
WASH1,p1484
TMPRSS9,p1485
GANAB,p1486
NKPD1,p1487
FAM83H,p1488
CCDC84,p1489
LENG9,p1490
CARM1,p1491
TMEM189-UBE2V1,p1492
LRRC37A3,p1493
NOTCH2NL,p1494
USP50,p1495
MAMDC4,p1496
ZNF467,p1497
ZDHHC24,p1498
TSEN54,p1499
ANKRD13D,p1500
FAM174B,p1501
RPS27,p1502
RAB24,p1503
KREMEN1,p1504
sept9,p1505
DPEP1,p1506
SYT12,p1507
AP2A2,p1508
HMHA1,p1509
NAA38,p1510
FMN2,p1511
ANO2,p1512
GRHL2,p1513
OPRL1,p1514
EIF2B4,p1515
MLLT4,p1516
FSCN2,p1517
NCOR2,p1518
C17orf67,p1519
RC3H2,p1520
CYP4F11,p1521
TMPRSS2,p1522
NFATC2,p1523
PRKAR1B,p1524
BANP,p1525
KLHDC4,p1526
RPH3AL,p1527
SERINC2,p1528
CDH4,p1529
TSSC1,p1530
MUC6,p1531
SLC12A7,p1532
PTGES3,p1533
CNTNAP2,p1534
SNX17,p1535
C20orf26,p1536
FAM18B1,p1537
MLL5,p1538
MRPS21,p1539
CLPTM1L,p1540
FAM120B,p1541
COL22A1,p1542
ZNF791,p1543
GATA3,p1544
MPPED1,p1545
TTC39A,p1546
ICAM2,p1547
EIF2AK1,p1548
C15orf38,p1549
KPNA2,p1550
PTPRN2,p1551
COX6C,p1552
AP3S2,p1553
PYCARD,p1554
RPGRIP1,p1555
DHRS13,p1556
NSMCE2,p1557
COL5A1,p1558
GABRB1,p1559
LEPR,p1560
PLXNA4,p1561
MICAL3,p1562
CDHR2,p1563
MUC4,p1564
CACNG4,p1565
TMEM242,p1566
CMIP,p1567
CUGBP2,p1568
CD68,p1569
FAM211A,p1570
RUNDC3A,p1571
WDR27,p1572
KAT6B,p1573
BPI,p1574
MAL,p1575
SLC9A3,p1576
NTN5,p1577
HFM1,p1578
S100A13,p1579
MGRN1,p1580
APBB2,p1581
FOXK2,p1582
TTI1,p1583
CRIM1,p1584
SLC35A4,p1585
PHACTR3,p1586
PARP10,p1587
Caprin1,p1588
JAG1,p1589
BCBL1,p1590
ACADVL,p1591
SGCA,p1592
ABCD1,p1593
ALDOA,p1594
APOE,p1595
ASL,p1596
CBS,p1597
CDK4,p1598
COL1A1,p1599
CSTB,p1600
CYBA,p1601
ENG,p1602
EPOR,p1603
GIPR,p1604
LCAT,p1605
SGCG,p1606
PDE6B,p1607
PHKG2,p1608
PKD1,p1609
ROM1,p1610
SCN4A,p1611
AIRE,p1612
ERCC2,p1613
NOTCH3,p1614
PLEC,p1615
RFX5,p1616
THPO,p1617
GALNS,p1618
GH1,p1619
LDLR,p1620
MAN2B1,p1621
SLC11A1,p1622
C8G,p1623
CD79B,p1624
TGFB1,p1625
ADORA1,p1626
ALDH3B1,p1627
ALDH3B2,p1628
ATP4A,p1629
BCKDHA,p1630
CACNG1,p1631
CHRM4,p1632
CHRNA4,p1633
DRD4,p1634
FOLR2,p1635
GRIN1,p1636
P4HB,p1637
PC,p1638
PLCB3,p1639
PPIB,p1640
PRRG2,p1641
PTGDS,p1642
PTGER1,p1643
RPL8,p1644
RPL12,p1645
ATP2B4,p1646
C16orf42,p1647
NCCRP1,p1648
PDE9A,p1649
ZNF425,p1650
FAM166A,p1651
C8orf82,p1652
HCFC1R1,p1653
PUS1,p1654
ATP5G1,p1655
ARL6IP4,p1656
DNAJB12,p1657
ZNF787,p1658
PTRH1,p1659
C11orf49,p1660
STRADA,p1661
SMARCD3,p1662
SLC6A19,p1663
CAPNS1,p1664
GRK6,p1665
ZNF740,p1666
C7orf61,p1667
RNASEK,p1668
C9orf173,p1669
METRNL,p1670
TMEM198,p1671
PSRC1,p1672
SREBF1,p1673
RGS10,p1674
LRSAM1,p1675
NFASC,p1676
NEURL4,p1677
PKP4,p1678
CHEK2,p1679
ERBB3,p1680
JMJD8,p1681
ALG3,p1682
ATN1,p1683
C20orf201,p1684
IGSF3,p1685
C1QL4,p1686
LPHN1,p1687
RPS5,p1688
BRD9,p1689
B3GNTL1,p1690
PHF19,p1691
SSBP4,p1692
EME2,p1693
DSTN,p1694
HICE1,p1695
ANO9,p1696
MDK,p1697
MYPOP,p1698
C9orf106,p1699
ZKSCAN2,p1700
SNX30,p1701
RPS9,p1702
PRR25,p1703
LRRC26,p1704
STAP2,p1705
DBNL,p1706
TMEM93,p1707
PAK4,p1708
C16orf93,p1709
BAG5,p1710
MPG,p1711
RAE1,p1712
SP3,p1713
LGR6,p1714
CYB561,p1715
ZHX1,p1716
C2orf76,p1717
C5orf45,p1718
PCK2,p1719
FPGS,p1720
RPS16,p1721
CANX,p1722
LRRC24,p1723
CD276,p1724
ARPC4,p1725
CD97,p1726
TSPAN4,p1727
CPLX3,p1728
ARHGAP5,p1729
CTNS,p1730
PLD3,p1731
PRPF40B,p1732
INF2,p1733
MRI1,p1734
CALML4,p1735
FDX1L,p1736
CCDC78,p1737
CPT1A,p1738
STXBP1,p1739
RCE1,p1740
KLF10,p1741
ENTPD8,p1742
ESRP1,p1743
FAM102A,p1744
RPL41,p1745
FAM129B,p1746
SCN1B,p1747
CNTROB,p1748
SIL1,p1749
SCNN1A,p1750
CDC42SE1,p1751
C20orf27,p1752
KIAA1984,p1753
ATP6V0B,p1754
NPRL3,p1755
PRSS53,p1756
RUSC1-AS1,p1757
CCNL2,p1758
DPH2,p1759
PRMT5,p1760
MTL5,p1761
TNFRSF25,p1762
YIF1B,p1763
GPX4,p1764
C19orf46,p1765
STRN4,p1766
FKRP,p1767
ZNF808,p1768
C19orf55,p1769
ZNF384,p1770
INTS6,p1771
ARL16,p1772
CD37,p1773
CD63,p1774
LFNG,p1775
FAM63A,p1776
DCUN1D4,p1777
U2AF1L4,p1778
CCDC56,p1779
MAPK8IP3,p1780
NCALD,p1781
SLC29A4,p1782
RALGDS,p1783
SLC16A3,p1784
CRTC3,p1785
RRBP1,p1786
DBNDD1,p1787
SDHAF1,p1788
PLEKHG5,p1789
MFSD12,p1790
METTL12,p1791
CEMP1,p1792
C9orf116,p1793
UBXN11,p1794
POMT1,p1795
TSEN34,p1796
JRK,p1797
DBI,p1798
CUL4B,p1799
PRKD2,p1800
AATK,p1801
KDM6B,p1802
INTS1,p1803
ASPG,p1804
SYCN,p1805
FBXO46,p1806
C9orf172,p1807
SETD5,p1808
COMMD5,p1809
RGS9,p1810
ZNF623,p1811
TMEM219,p1812
STRN3,p1813
WDR62,p1814
PLOD3,p1815
ABR,p1816
ACCN2,p1817
TMEM184A,p1818
HDAC7,p1819
SGSM2,p1820
PELI3,p1821
PCBP2,p1822
OBSCN,p1823
ATXN7L3,p1824
GBX1,p1825
HEATR7A,p1826
POM121C,p1827
ULK3,p1828
FAM54B,p1829
FAM86C1,p1830
TRIM32,p1831
WDR83,p1832
FBXL19,p1833
SBNO2,p1834
IQCE,p1835
C19orf60,p1836
ZNF707,p1837
10-Mar,p1838
C8orf73,p1839
ST20,p1840
FAM72B,p1841
PACS2,p1842
ACTB,p1843
ZNF160,p1844
EPN2,p1845
CCDC64B,p1846
TLE3,p1847
RUSC1,p1848
MYBBP1A,p1849
DGKZ,p1850
ADAM8,p1851
C16orf92,p1852
SRRM3,p1853
KIAA0284,p1854
TEN1,p1855
LDB1,p1856
FOXP3,p1857
ITGAL,p1858
MGAT1,p1859
WDR26,p1860
ADD1,p1861
FAM178B,p1862
CCBL1,p1863
SLC50A1,p1864
BSCL2,p1865
BCKDK,p1866
ZBTB1,p1867
SPNS2,p1868
SLC25A19,p1869
TUFT1,p1870
LY6E,p1871
LRRC8A,p1872
CRY2,p1873
AP4S1,p1874
TSPAN14,p1875
DLG4,p1876
TOMM40,p1877
CYHR1,p1878
SLC9A3R2,p1879
SHC1,p1880
EEF1D,p1881
MYO9B,p1882
EPN1,p1883
HSPBP1,p1884
SPTAN1,p1885
HRAS,p1886
LY6H,p1887
C14orf93,p1888
TTLL6,p1889
PSMG3,p1890
C7orf50,p1891
KIAA0182,p1892
OST4,p1893
C14orf80,p1894
DPF1,p1895
ABI3,p1896
FKBP2,p1897
PIP5KL1,p1898
C19orf71,p1899
INPP5K,p1900
FCGRT,p1901
NFATC4,p1902
TMUB1,p1903
KANK2,p1904
TNPO2,p1905
FZR1,p1906
ISOC2,p1907
CISD3,p1908
GPR107,p1909
ZBTB42,p1910
BCAP31,p1911
CNST,p1912
RAB11FIP3,p1913
ARCN1,p1914
SQSTM1,p1915
THOC6,p1916
PPP3CB,p1917
PTPN18,p1918
MGEA5,p1919
PPP1R13L,p1920
ADCK4,p1921
ITPK1,p1922
CHID1,p1923
HSD3B7,p1924
C17orf49,p1925
SLC6A8,p1926
C21orf56,p1927
MXD3,p1928
DCST1,p1929
CTDNEP1,p1930
PHOSPHO1,p1931
TPCN1,p1932
EFCAB2,p1933
WRAP53,p1934
RASSF7,p1935
ABCC3,p1936
PHLDB1,p1937
PHB2,p1938
BAIAP2,p1939
SSC5D,p1940
SCRN2,p1941
NR2F2,p1942
SLC35C1,p1943
SIN3A,p1944
FAM71E2,p1945
TMEM205,p1946
PFKFB3,p1947
YPEL3,p1948
GPSM1,p1949
SAE1,p1950
HOMER3,p1951
MEF2B,p1952
SH2B1,p1953
AMDHD2,p1954
MTMR11,p1955
SARS2,p1956
PAFAH1B3,p1957
SLC12A4,p1958
IGFALS,p1959
MOGS,p1960
WRB,p1961
PODNL1,p1962
SPSB2,p1963
CANT1,p1964
MPND,p1965
RHOBTB2,p1966
TRAPPC9,p1967
TLCD1,p1968
TULP3,p1969
NPTN,p1970
JMJD4,p1971
CCDC166,p1972
PLXNB3,p1973
QPCTL,p1974
FBXO24,p1975
C17orf72,p1976
SLC37A4,p1977
GOLGA6C,p1978
CDK5,p1979
CBY3,p1980
MUC12,p1981
IGFN1,p1982
ENDOV,p1983
ARHGAP4,p1984
ZFHX3,p1985
BCAT2,p1986
ERCC1,p1987
SPINT2,p1988
CARNS1,p1989
TRIP13,p1990
SHMT2,p1991
TRAPPC1,p1992
XIAP,p1993
NAV1,p1994
ATP5SL,p1995
INCA1,p1996
TMEM92,p1997
TBC1D17,p1998
NSUN5,p1999
TSPAN3,p2000
PGAM5,p2001
BCAR1,p2002
SRPK3,p2003
ISYNA1,p2004
STRBP,p2005
ZMYM3,p2006
CCDC148,p2007
RNF166,p2008
FNDC5,p2009
RRM2B,p2010
ZNF668,p2011
IL-34,p2012
OBSL1,p2013
AAAS,p2014
C9orf86,p2015
SMG7,p2016
POLL,p2017
PRR7,p2018
DMXL2,p2019
LMX1B,p2020
SEMA6C,p2021
ASTN2,p2022
CTTN,p2023
FLAD1,p2024
PACSIN3,p2025
CLDN7,p2026
CLDN15,p2027
RNF224,p2028
DGCR8,p2029
YJEFN3,p2030
TAF6,p2031
MTRNR2L3,p2032
ARPC1A,p2033
SIRT6,p2034
TMEM127,p2035
RSPH9,p2036
MRPS18A,p2037
UNKL,p2038
PPP2R4,p2039
NUDT16L1,p2040
ENO3,p2041
FAM65A,p2042
CSRP1,p2043
MEPCE,p2044
TEX22,p2045
LOC646862,p2046
C17orf57,p2047
ZNF865,p2048
VAPB,p2049
CHPF,p2050
FAM213B,p2051
MLL,p2052
TUBB3,p2053
DKKL1,p2054
HSPA12B,p2055
ATP6V0C,p2056
MFAP4,p2057
GNGT2,p2058
ABCC10,p2059
BAIAP3,p2060
TBC1D24,p2061
GTF2IRD1,p2062
CLIP3,p2063
PTK2,p2064
BGLAP,p2065
SLC4A2,p2066
ARL2,p2067
MTHFS,p2068
ST20-MTHFS,p2069
PTPN7,p2070
BCL2L2-PABPN1,p2071
SMURF1,p2072
MARK4,p2073
PDK2,p2074
ACTG1,p2075
ZNF513,p2076
ASB6,p2077
UBE2G2,p2078
NIPSNAP1,p2079
CUX1,p2080
MIA,p2081
ECM1,p2082
DBP,p2083
C8orf76,p2084
PPP5C,p2085
RBAK,p2086
RBAK-LOC389458,p2087
SSR4,p2088
TAX1BP3,p2089
NPEPL1,p2090
BNIP1,p2091
RNF223,p2092
KIAA1271,p2093
POLR1D,p2094
PKM2,p2095
TGOLN2,p2096
CTDSP1,p2097
DHPS,p2098
SERPINH1,p2099
KLK7,p2100
ZNF48,p2101
CA11,p2102
CD27,p2103
TMEM147,p2104
LOC283403,p2105
SLC22A31,p2106
BRF1,p2107
RNF41,p2108
ARFGAP2,p2109
PRMT2,p2110
LOC100287036,p2111
ANKS3,p2112
SNX1,p2113
RAD9A,p2114
VEGFB,p2115
TOB1,p2116
TPD52L2,p2117
C12orf53,p2118
ZFP36L1,p2119
CSAD,p2120
RAB5B,p2121
C12orf32,p2122
LOC440335,p2123
ZNF444,p2124
CDC20,p2125
CREB3L4,p2126
RNF213,p2127
NAA10,p2128
ARL8A,p2129
ETS2,p2130
CACNA1G,p2131
ELOVL1,p2132
SLMO2,p2133
KDM2A,p2134
CPSF3L,p2135
MAN2C1,p2136
TBC1D10C,p2137
NOP16,p2138
NEIL1,p2139
TEAD2,p2140
DPP3,p2141
STOML1,p2142
CDK3,p2143
CHKA,p2144
TBCB,p2145
CLPTM1,p2146
CLDN4,p2147
CLDN3,p2148
CRIP1,p2149
CSHL1,p2150
CTSZ,p2151
DAPK3,p2152
DECR1,p2153
EFNB3,p2154
EMP2,p2155
EMP3,p2156
CERS1,p2157
GSTZ1,p2158
HSPB1,p2159
INPPL1,p2160
AHNAK,p2161
APOC1,p2162
ATF4,p2163
CXCR5,p2164
CCNF,p2165
CD79A,p2166
CDK2,p2167
CDKN2D,p2168
CKB,p2169
CKM,p2170
CKS1B,p2171
CLTB,p2172
COL6A1,p2173
COL6A2,p2174
COL9A3,p2175
COX7A1,p2176
CSNK1D,p2177
CSPG4,p2178
CTNNA1,p2179
CTRB1,p2180
CTRL,p2181
CFD,p2182
ENO2,p2183
EVPL,p2184
FGFR4,p2185
GRIK5,p2186
HOXB1,p2187
HRC,p2188
ICAM3,p2189
IDH2,p2190
INHA,p2191
ISG20,p2192
ITGA3,p2193
KCNN1,p2194
KISS1,p2195
KPNB1,p2196
KRT15,p2197
KRT19,p2198
LRP1,p2199
LRPAP1,p2200
MAFK,p2201
MVD,p2202
MYL5,p2203
NDUFS8,p2204
NGFR,p2205
NME3,p2206
NTHL1,p2207
OAZ2,p2208
P2RY2,p2209
PCK1,p2210
CDK18,p2211
PDPK1,p2212
PEX10,p2213
PML,p2214
POLR2E,p2215
PPP4C,p2216
PRKAR1A,p2217
PKN1,p2218
MAPK7,p2219
PRSS8,p2220
PSMA7,p2221
PSMB10,p2222
PSMD12,p2223
PSME2,p2224
PTPN9,p2225
PTPRF,p2226
RARS,p2227
RGS16,p2228
MRPL12,p2229
RPS2,p2230
RXRA,p2231
SEPW1,p2232
TFAP2C,p2233
TK1,p2234
TRAPPC10,p2235
TRIP6,p2236
TSTA3,p2237
UBE2D3,p2238
UCP2,p2239
ZNF7,p2240
SLC7A5,p2241
HIST2H2AC,p2242
HIST2H2BE,p2243
ULK1,p2244
ANXA9,p2245
AURKA,p2246
PDXK,p2247
NPFF,p2248
PSMG1,p2249
RFXANK,p2250
STX10,p2251
B4GALT2,p2252
TNFRSF10B,p2253
DPM2,p2254
MCM3AP,p2255
FOXH1,p2256
SELENBP1,p2257
RHBDL1,p2258
PSTPIP1,p2259
ARRB1,p2260
EMX1,p2261
IDH3G,p2262
NINJ1,p2263
OAZ1,p2264
P2RY6,p2265
TARBP2,p2266
PIGQ,p2267
SYNGR3,p2268
SLC28A1,p2269
EBAG9,p2270
SLC9A3R1,p2271
GOSR2,p2272
ASNA1,p2273
ATP2A1,p2274
BAD,p2275
BCL9,p2276
CDC25B,p2277
DKFZp434D064,p2278
DDX6,p2279
DVL2,p2280
EFNA1,p2281
EPHA2,p2282
ENDOG,p2283
EPHA4,p2284
EPHB3,p2285
GPS2,p2286
FOXA3,p2287
HOXB7,p2288
MYT1,p2289
NDUFB2,p2290
NDUFB10,p2291
NDUFS6,p2292
NFATC3,p2293
TAF1,p2294
TBX6,p2295
CLIC3,p2296
SYNGR2,p2297
HGS,p2298
SCAF11,p2299
AP4M1,p2300
MTA2,p2301
CRLF1,p2302
NUMBL,p2303
BZRAP1,p2304
ACCN3,p2305
B4GALT5,p2306
CIAO1,p2307
SPAG7,p2308
IER2,p2309
CDH15,p2310
MMP14,p2311
PIK3R2,p2312
PWP2,p2313
SCD,p2314
TRIM25,p2315
PHOX2A,p2316
BCL3,p2317
CALM1,p2318
CBFA2T3,p2319
CBX2,p2320
CEBPB,p2321
DLX3,p2322
FOSL2,p2323
GFER,p2324
GPD1,p2325
GRK5,p2326
GPT,p2327
H3F3B,p2328
PHF2,p2329
SALL2,p2330
FOSL1,p2331
TROAP,p2332
IRS1,p2333
NKG7,p2334
NR2F1,p2335
PSCA,p2336
SOX13,p2337
ABCF2,p2338
SCAMP2,p2339
GIPC1,p2340
LPCAT3,p2341
NUTF2,p2342
DDX39A,p2343
PRDX2,p2344
GDF11,p2345
STX6,p2346
STUB1,p2347
SPEG,p2348
FMNL1,p2349
MEF2BNB-MEF2B,p2350
MLLT6,p2351
MMP16,p2352
TSPAN31,p2353
Snai1,p2354
LAGE3,p2355
TCIRG1,p2356
ATP9A,p2357
IRF9,p2358
TUBB4B,p2359
NEDD8,p2360
NTF4,p2361
NTN3,p2362
PITPNA,p2363
POLE,p2364
POLR2H,p2365
POLR2I,p2366
POLR2J,p2367
PPP2R5D,p2368
TLN1,p2369
PCGF3,p2370
ZER1,p2371
LRRN2,p2372
ZNHIT1,p2373
TADA3,p2374
CAP2,p2375
CREB3,p2376
LRRC41,p2377
STK25,p2378
RNASEH2A,p2379
DCTN2,p2380
SIVA1,p2381
PARP4,p2382
TBL3,p2383
ST6GALNAC2,p2384
ARID3B,p2385
TXNIP,p2386
ERF,p2387
SARS,p2388
IFT88,p2389
ELL,p2390
GNB5,p2391
TCFL5,p2392
WNK2,p2393
FTCD,p2394
JTB,p2395
FASTK,p2396
AKAP13,p2397
PSKH1,p2398
SURF6,p2399
UPK2,p2400
SYNGAP1,p2401
PRDX3,p2402
EHD1,p2403
MLLT11,p2404
STIP1,p2405
CCDC85B,p2406
ATP5E,p2407
SUMO3,p2408
ZBTB25,p2409
NPM3,p2410
TPPP,p2411
CLASRP,p2412
KPTN,p2413
ATP5I,p2414
TCHH,p2415
ABCB8,p2416
RPL35,p2417
POLG2,p2418
NXPH4,p2419
HRH3,p2420
XPOT,p2421
SNF8,p2422
B4GALT7,p2423
COPE,p2424
EXOC3,p2425
GABARAP,p2426
OGFR,p2427
BRD3,p2428
CCT5,p2429
DGAT1,p2430
CD3EAP,p2431
CBX5,p2432
SLC25A10,p2433
FKBP8,p2434
GNG3,p2435
NUBP2,p2436
P2RX2,p2437
FAIM2,p2438
LETM1,p2439
PLA2G15,p2440
PHLDA3,p2441
PITPNC1,p2442
STAG3,p2443
SYNGR4,p2444
TIMM13,p2445
WBP1,p2446
PRELID1,p2447
VPS4A,p2448
MYLPF,p2449
SNX15,p2450
YPEL1,p2451
PRRC2B,p2452
SNX11,p2453
GMPPA,p2454
TIMM22,p2455
KCNJ14,p2456
TBX21,p2457
PKN3,p2458
DPP7,p2459
FADS1,p2460
TONSL,p2461
ST6GALNAC6,p2462
BAZ2A,p2463
CCDC22,p2464
WDR37,p2465
C19orf53,p2466
METTL11A,p2467
MACROD1,p2468
PPP2R1A,p2469
MGAT4B,p2470
PATZ1,p2471
EDC4,p2472
MTCH1,p2473
ZNF324,p2474
GAPDHS,p2475
AKAP8L,p2476
ZBTB32,p2477
CPNE7,p2478
SLC39A1,p2479
RAB30,p2480
UBE2S,p2481
RHOD,p2482
MEA1,p2483
ZNF646,p2484
IFT140,p2485
TBKBP1,p2486
KIAA0513,p2487
MTSS1,p2488
MAML1,p2489
KIAA0753,p2490
KIAA0196,p2491
DENND4B,p2492
ZHX2,p2493
ARSG,p2494
MAST3,p2495
ZNF609,p2496
TBC1D9B,p2497
SLC8A2,p2498
SIPA1L3,p2499
MAST2,p2500
CIC,p2501
WDR43,p2502
ZC3H4,p2503
RRS1,p2504
BOP1,p2505
POFUT2,p2506
ADCY6,p2507
KHNYN,p2508
FEM1B,p2509
C17orf81,p2510
EP400,p2511
CNOT6,p2512
PTPN23,p2513
C15orf39,p2514
TSKU,p2515
RNF167,p2516
CCDC9,p2517
ZBTB20,p2518
IRF2BP1,p2519
NAT9,p2520
SENP3,p2521
BRPF3,p2522
GLTSCR2,p2523
ZBTB7A,p2524
UBR5,p2525
LSR,p2526
POMP,p2527
NDUFA13,p2528
GAL,p2529
UTP18,p2530
MRPS2,p2531
COPZ1,p2532
FIS1,p2533
MRPS23,p2534
STYXL1,p2535
GINS2,p2536
TELO2,p2537
VPS28,p2538
MAN1B1,p2539
HSD17B14,p2540
ZNF274,p2541
EVL,p2542
SLCO4A1,p2543
C9orf114,p2544
COPZ2,p2545
FAM203A,p2546
ANKRD39,p2547
MRPL27,p2548
RAB8B,p2549
GNG13,p2550
KRCC1,p2551
TNFRSF12A,p2552
C8orf55,p2553
CHRAC1,p2554
RBM38,p2555
ALKBH4,p2556
CNNM3,p2557
MBTD1,p2558
OTUB1,p2559
TRPM7,p2560
BEST2,p2561
CC2D1A,p2562
TMEM104,p2563
SLC39A4,p2564
SEMA4C,p2565
YTHDF1,p2566
COMMD4,p2567
TIPIN,p2568
C1orf56,p2569
CLN6,p2570
C1orf159,p2571
C20orf11,p2572
ZNF446,p2573
C14orf118,p2574
NBPF1,p2575
CUEDC1,p2576
EPN3,p2577
MRPL20,p2578
WIPI1,p2579
RNF31,p2580
TAPBPL,p2581
PACS1,p2582
SAMD4B,p2583
ANO1,p2584
VAC14,p2585
C19orf73,p2586
PNPO,p2587
ETNK2,p2588
C20orf20,p2589
TMEM143,p2590
KLHL26,p2591
FBXL8,p2592
SOX18,p2593
SELS,p2594
WSB2,p2595
LENEP,p2596
PXMP2,p2597
WDR4,p2598
ACCN4,p2599
RNF114,p2600
TMEM55A,p2601
UBB,p2602
DPM3,p2603
FBXW5,p2604
CHPF2,p2605
ADAMTSL4,p2606
DDX49,p2607
VSIG10,p2608
FAM212B,p2609
LIN37,p2610
SMG9,p2611
KIAA1370,p2612
GSK3A,p2613
AGPAT3,p2614
NDUFA4L2,p2615
SH3GLB2,p2616
SDR39U1,p2617
OTUD7B,p2618
SLC12A9,p2619
SLC17A7,p2620
MNT,p2621
CXCR7,p2622
ZMIZ1,p2623
GPR84,p2624
NAT14,p2625
REXO4,p2626
SLURP1,p2627
SEPN1,p2628
PBXIP1,p2629
CBX8,p2630
JPH3,p2631
RAB22A,p2632
DSCAML1,p2633
CGN,p2634
ZNF398,p2635
USP35,p2636
ARRDC3,p2637
DOCK6,p2638
PITPNM2,p2639
DNAH2,p2640
KIAA1609,p2641
PRX,p2642
ANO8,p2643
IGDCC4,p2644
SPTBN4,p2645
DEAF1,p2646
ZNFX1,p2647
RGS3,p2648
MRPS12,p2649
TRAF2,p2650
CLDN6,p2651
SLC4A5,p2652
ZNF462,p2653
GAN,p2654
KLK14,p2655
SLC17A9,p2656
CHTF18,p2657
FN3K,p2658
BIRC7,p2659
LIN7B,p2660
COG8,p2661
NSD1,p2662
CDH24,p2663
KLHL25,p2664
NARFL,p2665
TRMT2A,p2666
NUCKS1,p2667
ZNF574,p2668
SFXN1,p2669
AEN,p2670
LMF1,p2671
CCDC21,p2672
7-Mar,p2673
SPATA20,p2674
PLEKHG2,p2675
LPIN3,p2676
KRI1,p2677
INTS3,p2678
ZSWIM4,p2679
PYCRL,p2680
UBE2Z,p2681
ZNF747,p2682
DLK2,p2683
FAM173A,p2684
MRPS34,p2685
VKORC1,p2686
HOXB8,p2687
LRFN4,p2688
C1orf135,p2689
METRN,p2690
C20orf195,p2691
OBFC2B,p2692
PVRIG,p2693
C11orf48,p2694
PHF23,p2695
PRR15L,p2696
SLC27A3,p2697
FSD1,p2698
LRFN3,p2699
TNFAIP8L2,p2700
ROGDI,p2701
OGFOD2,p2702
GAL3ST4,p2703
ZNF768,p2704
RABEP2,p2705
PAQR6,p2706
ESRP2,p2707
MZT2B,p2708
CCDC33,p2709
C6orf97,p2710
ZC3H12A,p2711
C16orf59,p2712
TARS2,p2713
C17orf70,p2714
TANC2,p2715
ITPKC,p2716
TRIB1,p2717
ARHGAP39,p2718
ZNF34,p2719
COL18A1,p2720
SH3BP5L,p2721
MAP2K2,p2722
RAI1,p2723
TUBB1,p2724
HM13,p2725
UNC93B1,p2726
TSC22D4,p2727
SFXN3,p2728
ARPC5L,p2729
TCF7L1,p2730
SH3BGRL3,p2731
INO80B,p2732
EPPK1,p2733
HUWE1,p2734
ESPN,p2735
FAM57B,p2736
ANGPTL6,p2737
TMEM120A,p2738
KAT8,p2739
WDR24,p2740
ZNRF1,p2741
TRAF7,p2742
MAF1,p2743
FBXW9,p2744
HAGHL,p2745
C9orf89,p2746
LLPH,p2747
WNK4,p2748
BRSK1,p2749
MRPL41,p2750
MRPL38,p2751
GNPTG,p2752
N-PAC,p2753
EMR3,p2754
PPP1R9B,p2755
CREB3L3,p2756
TUBA1C,p2757
TXNDC17,p2758
LMNB2,p2759
KLHL22,p2760
ZC3H10,p2761
ZDHHC12,p2762
FAM73B,p2763
FIZ1,p2764
HSH2D,p2765
TIGD5,p2766
AJUBA,p2767
ALKBH6,p2768
ATG4D,p2769
TMEM141,p2770
C9orf37,p2771
SYTL2,p2772
MLXIPL,p2773
ACPT,p2774
NKD2,p2775
WNT3A,p2776
CGB7,p2777
ATG16L2,p2778
LRRC46,p2779
KIAA1737,p2780
MMEL1,p2781
TRERF1,p2782
C19orf33,p2783
sept1,p2784
MMAB,p2785
EMILIN3,p2786
ADCK2,p2787
STX1B,p2788
NACC1,p2789
PLEKHG4B,p2790
RHPN1,p2791
SLC26A9,p2792
PCMTD1,p2793
TMEM203,p2794
SNAP47,p2795
CCND1,p2796
C21orf58,p2797
GATA5,p2798
BHLHE23,p2799
CTCFL,p2800
DYNLL2,p2801
DPH3P1,p2802
C20orf151,p2803
SPSB3,p2804
RAVER1,p2805
ANKRD24,p2806
MED22,p2807
PYGO2,p2808
VWA5B2,p2809
C19orf52,p2810
ZNF251,p2811
MTSS1L,p2812
SHKBP1,p2813
9-Mar,p2814
AHNAK2,p2815
IQCD,p2816
C5orf55,p2817
GLI4,p2818
CCDC167,p2819
HAS3,p2820
PPP1R14B,p2821
RHOT2,p2822
PLD4,p2823
HIGD2A,p2824
TPCN2,p2825
CCDC114,p2826
SFXN5,p2827
SLC22A12,p2828
NOXO1,p2829
HSPB6,p2830
GABPB2,p2831
ZNF480,p2832
HIPK4,p2833
CCDC155,p2834
ANKRD35,p2835
LSM14B,p2836
TTC16,p2837
TET3,p2838
ANKRD23,p2839
PPP1R35,p2840
CDC42EP5,p2841
STAC3,p2842
CABP4,p2843
NAPRT1,p2844
TRIM11,p2845
MRPL10,p2846
WDR90,p2847
CADM4,p2848
KIFC2,p2849
OSBPL7,p2850
LTC4S,p2851
ARRDC1,p2852
ORAI3,p2853
TRMT61A,p2854
GYLTL1B,p2855
ADSSL1,p2856
CLDND2,p2857
SGPP2,p2858
KCTD18,p2859
FAM194A,p2860
ZNF786,p2861
WBSCR27,p2862
USP54,p2863
THAP8,p2864
CCDC89,p2865
ZBTB9,p2866
GPC2,p2867
BRAT1,p2868
CNPY4,p2869
NKAIN4,p2870
LRWD1,p2871
IL4I1,p2872
C16orf55,p2873
ARHGEF19,p2874
ZNF524,p2875
CILP2,p2876
ZDHHC20,p2877
EML3,p2878
SNX33,p2879
FBXL16,p2880
LNX2,p2881
ORAOV1,p2882
LDHD,p2883
C9orf96,p2884
ZFPM1,p2885
RASGRP2,p2886
HSCB,p2887
POM121,p2888
SIK1,p2889
CNTD1,p2890
PRSS36,p2891
C11orf35,p2892
ZFP41,p2893
FAM84B,p2894
SAMD14,p2895
ADCK5,p2896
ZNF575,p2897
ST6GALNAC4,p2898
HIST2H2AB,p2899
FMNL3,p2900
UBR7,p2901
CDK5RAP3,p2902
KLC3,p2903
NEK8,p2904
MOGAT3,p2905
SNAI3,p2906
MRPL52,p2907
SAPCD2,p2908
C20orf85,p2909
C20orf166,p2910
PRR24,p2911
EXOC3L1,p2912
TMEM105,p2913
NRBP2,p2914
RTN4RL1,p2915
GATS,p2916
PKD1L3,p2917
C17orf58,p2918
CRTC2,p2919
DPY19L4,p2920
ZSCAN22,p2921
BCL9L,p2922
MICALL2,p2923
OSGIN1,p2924
C9orf142,p2925
RPS19BP1,p2926
LRRC56,p2927
NRN1L,p2928
GOLT1A,p2929
SSPO,p2930
KIF7,p2931
ZNF710,p2932
C19orf35,p2933
B3GNT8,p2934
NAT16,p2935
SS18L1,p2936
TH1L,p2937
C9orf169,p2938
FAM173B,p2939
C19orf48,p2940
SP6,p2941
CCDC137,p2942
C9orf50,p2943
TRIM7,p2944
ZNF784,p2945
MBLAC1,p2946
IER5L,p2947
LYPD2,p2948
DEGS2,p2949
C16orf74,p2950
GPR152,p2951
UAP1L1,p2952
TUBA3E,p2953
LCNL1,p2954
ZNF517,p2955
SFXN4,p2956
POLR2A,p2957
DOCK8,p2958
KCNJ12,p2959
ZNF778,p2960
RIMS4,p2961
CTNND2,p2962
PAK2,p2963
TBC1D9,p2964
PTRH2,p2965
ADARB2,p2966
ZBTB4,p2967
UBC,p2968
VMP1,p2969
THAP2,p2970
RBM4B,p2971
DYNLRB2,p2972
CCDC144NL,p2973
FAM48A,p2974
PUM1,p2975
AP1G1,p2976
MINOS1,p2977
GGPS1,p2978
EML6,p2979
SREK1,p2980
BAHCC1,p2981
GART,p2982
GSK3B,p2983
YY1AP1,p2984
NBL1,p2985
TCEB1,p2986
PLK2,p2987
BAI1,p2988
PRKCA,p2989
REL,p2990
HERC1,p2991
USPL1,p2992
FBXW2,p2993
UBQLN1,p2994
EMR2,p2995
UBE3C,p2996
TOX4,p2997
DIP2C,p2998
USP22,p2999
HDDC2,p3000
TOB2,p3001
CNOT1,p3002
ARHGAP12,p3003
GRIPAP1,p3004
INTS2,p3005
RAP2C,p3006
PANK2,p3007
CHCHD6,p3008
RAB2B,p3009
EMID2,p3010
ZNF572,p3011
LINGO2,p3012
BLOC1S3,p3013
GAS6,p3014
ZNF124,p3015
PHB,p3016
HIST1H2BL,p3017
DCLK1,p3018
CSRNP2,p3019
IL1RAPL1,p3020
FSTL4,p3021
GTF2A1,p3022
NDUFAF2,p3023
NACAD,p3024
TBRG4,p3025
KCND3,p3026
MYLIP,p3027
TRIM52,p3028
CCDC109B,p3029
CDKN2AIPNL,p3030
p15INK4B,p3031
CLCN6,p3032
COQ6,p3033
COQ7,p3034
DHFR,p3035
DHX35,p3036
DNA2,p3037
DNAJB3,p3038
DNAJC2,p3039
DNAJC16,p3040
DNAJC22,p3041
DNAJC28,p3042
ERK,p3043
FAHD2A,p3044
FBXO31,p3045
FGF2,p3046
GIT2,p3047
HDAC4,p3048
HIST1H3D,p3049
HMCN1,p3050
HOXA2,p3051
HOXB9,p3052
HSPA6,p3053
HSPA12A,p3054
INPP5E,p3055
IQSEC1,p3056
IRAK1,p3057
KDM2B,p3058
LRRC6,p3059
LSG1,p3060
LZTR1,p3061
MAEA,p3062
MAPK14,p3063
MECOM,p3064
MRPS33,p3065
MRPS18C,p3066
MST1,p3067
MTRF1L,p3068
MYADM,p3069
NALP,p3070
NCAM1,p3071
NFIX,p3072
NLRP9,p3073
NUDT6,p3074
ORMDL2,p3075
UTP23,p3076
TRIM68,p3077
PAX5,p3078
PBX1,p3079
RAD52,p3080
STAC,p3081
TFDP2,p3082
TIMM21,p3083
TMEM43,p3084
TMEM63B,p3085
TMUB2,p3086
ZBTB16,p3087
ZC3H7B,p3088
ZDHHC8,p3089
ZNF142,p3090
ZNF330,p3091
ZNF586,p3092
ZNF772,p3093
TNF,p3094
TRAM2,p3095
PAX6,p3096
PAX2,p3097
DOT1L,p3098
TIA1,p3099
EIF2C1,p3100
RBFOX2,p3101
RBP,p3102
hnRNPA2B1,p3103
CPSF4,p3104
CPSF3,p3105
CPSF2,p3106
CSTF2T,p3107
C17ORF85,p3108
ALKBH5,p3109
FXR2,p3110
FXR1,p3111
LIN28A,p3112
YTHDF2,p3113
Ataxin-2,p3114
RBM5,p3115
RBM10,p3116
UPF1,p3117
METTL3,p3118
BUD13,p3119
DDX3X,p3120
DDX55,p3121
DDX59,p3122
DHX30,p3123
EIF3D,p3124
EIF3H,p3125
FAM120A,p3126
FAKD2,p3127
FKBP4,p3128
GRSF1,p3129
GRWD1,p3130
HNRPK,p3131
LARP4,p3132
NKRF,p3133
NOL12,p3134
RNC,p3135
SND1,p3136
SUV3,p3137
T2FA,p3138
UCHL5,p3139
YWHAG,p3140
AGGF1,p3141
DDX24,p3142
EXOS5,p3143
FTO,p3144
GNL3,p3145
IF2B2,p3146
EIF4G2,p3147
METAP2,p3148
PAPD1,p3149
SBDS,p3150
SLBP,p3151
SYAC,p3152
YBOX3,p3153
ZNF622,p3154
ZRAB2,p3155
RC3H1,p3156
ELAVL2,p3157
ELAV3,p3158
CELF4,p3159
AGO3,p3160
AGO4,p3161
MSI1H,p3162
MBNL2,p3163
LAR4B,p3164
SPPL3,p3165
DDX54,p3166
HDAC9,p3167
STAT3,p3168
Slug,p3169
EBP-1,p3170
MAPK1,p3171
Ezh2,p3172
HSP90,p3173
G3BP1,p3174
SP1,p3175
CBP,p3176
p53,p3177
Runx3,p3178
MYH11,p3179
FN1,p3180
FOXO1,p3181
LOXL2,p3182
MED1,p3183
MED12,p3184
CNBP,p3185
PIK3CA,p3186
b-catenin,p3187
SMYD2,p3188
ATG7,p3189
ARID1A,p3190
SATB1,p3191
HDAC1,p3192
PI4Kα,p3193
TAp63,p3194
ATG3,p3195
H3K27me3,p3196
FOXM1,p3197
LMBR1L,p3198
NFE2L2,p3199
MYH9,p3200
C14orf129,p3201
ACE2,p3202
DHC10,p3203
DMBT1,p3204
c-IAP1,p3205
RB1,p3206
COX-2,p3207
BRE,p3208
WDR5,p3209
TTP,p3210
ZMYND8,p3211
NF-κB,p3212
LSD1,p3213
NONO,p3214
TLR7,p3215
HIST1H1C,p3216
hnRNPU,p3217
CKAP4,p3218
HBXIP,p3219
HuR,p3220
mTOR,p3221
KLF8,p3222
p21,p3223
NF45,p3224
NF90,p3225
MEF2D,p3226
PDK1,p3227
sema3a,p3228
Foxo1,p3229
PRDM5,p3230
CTCF,p3231
Brn3a,p3232
α-tubulin,p3233
LSD2,p3234
PUMILIO,p3235
PABPC3,p3236
ZC3HAV1,p3237
ZMAT3,p3238
SOX2,p3239
DHX36,p3240
AIMP1,p3241
EXOSC10,p3242
FUBP1,p3243
HDLBP,p3244
IFIT2,p3245
KHDRBS2,p3246
NANOS3,p3247
PARN,p3248
PUS10,p3249
USF2,p3250
SMAD3,p3251
AGO1,p3252
CNOT7,p3253
MEX3C,p3254
MTDH,p3255
Rbfox2,p3256
RBMX,p3257
HNRNPM,p3258
ALYREF,p3259
KHSRP,p3260
BOLL,p3261
A1CF,p3262
hTrmt13,p3263
SCAF8,p3264
METTL1,p3265
DR1,p3266
ICP27,p3267
CHMP3,p3268
YBX1,p3269
GEMIN5,p3270
CRNKL1,p3271
DCP1B,p3272
HNRNPH1,p3273
eIF4E,p3274
HNRNPC,p3275
Rbfox1,p3276
YTHDC1,p3277
NAT10,p3278
SRSF2,p3279
hnRNPA1,p3280
SRSF1,p3281
DDX43,p3282
hnRNPD,p3283
EXOSC3,p3284
SF3B1,p3285
PRPF39,p3286
SMAD4,p3287
UBA2,p3288
SMN1,p3289
DMD,p3290
METTL14,p3291
SCAF4,p3292
BARD1,p3293
DCTN6,p3294
ITPA,p3295
RNF113A,p3296
TPGS2,p3297
TruB1,p3298
ZCCHC4,p3299
EPB41L5,p3300
CCIN,p3301
RARS2,p3302
IDE,p3303
YFP,p3304
YAP,p3305
YTHDF3,p3306
hnRNP K,p3307
USP14,p3308
BCL6,p3309
ELF1,p3310
TLS,p3311
Brg1,p3312
KLF2,p3313
hnRNPK,p3314
YY1,p3315
PP1A,p3316
bFGF,p3317
DNMT3b,p3318
FoxM1,p3319
PU.1,p3320
eIF4A3,p3321
PUM,p3322
BMI1,p3323
p65,p3324
DDR2,p3325
YAP1,p3326
HNRNPL,p3327
c-jun,p3328
QKI-5,p3329
BCL11A,p3330
HNF4α,p3331
EGR1,p3332
Nrf2,p3333
SAFA,p3334
Sp1,p3335
ZNF703,p3336
DNMT3A,p3337
DNMT3B,p3338
SIRT1,p3339
ICAT,p3340
KLF4,p3341
YB-1,p3342
TDP43,p3343
FoxO1,p3344
β-catenin,p3345
NFκB1,p3346
G9a,p3347
ERα,p3348
MET,p3349
GADD45A,p3350
TET2,p3351
IKK,p3352
ACTL6A,p3353
GATA1,p3354
ETS1,p3355
c-Myc,p3356
FKBP51,p3357
pSmad2,p3358
pSmad3,p3359
HNRNPA2B1,p3360
p300,p3361
EBP1,p3362
USP7,p3363
TCF21,p3364
YBX-1,p3365
P-STAT3,p3366
SFPQ,p3367
FOXP2,p3368
GATA6,p3369
ACO1,p3370
TRAF6,p3371
ROCK1,p3372
Dnmt1,p3373
Dnmt3a,p3374
Dnmt3b,p3375
IGF2,p3376
FOXO3,p3377
DPP4,p3378
IRP1,p3379
AZGP1,p3380
CREB,p3381
LEF1,p3382
PKA,p3383
Bcl-3,p3384
ONECUT2,p3385
RAF1,p3386
INO80,p3387
LDHA,p3388
eIF4A1,p3389
MYB,p3390
LGALS1,p3391
CHUK,p3392
STAT5,p3393
MLL2,p3394
TAB3,p3395
PABPC4,p3396
ATG5,p3397
ESR1,p3398
PPP2CA,p3399
RBBP4,p3400
SRSF7,p3401
EIF4A3,p3402
RAB7,p3403
TCF12,p3404
NACA,p3405
JNK,p3406
SIRT2,p3407
TIAR,p3408
BRD4,p3409
VIM,p3410
SOSTDC1,p3411
DBN1,p3412
HOXA3,p3413
TPI,p3414
E2F6,p3415
EGFR,p3416
GFI1,p3417
PTEN,p3418
CYCLINL1,p3419
CDK19,p3420
FOXC1,p3421
TCF4,p3422
MEF2A,p3423
CELF2,p3424
PBX3,p3425
STAT5A,p3426
TCF3,p3427
ZNF326,p3428
CHOP,p3429
FOXO3A,p3430
P300,p3431
HNRNPH3,p3432
HEY1,p3433
CTSG,p3434
HOXC13,p3435
SET7,p3436
SET9,p3437
THAP1,p3438
GLI2,p3439
MCP-1,p3440
HNF4A,p3441
PTRF,p3442
YB1,p3443
EP300,p3444
RAD51,p3445
QK,p3446
FBXW7,p3447
LIN28,p3448
GRP78,p3449
MLL1,p3450
SMAD7,p3451
E2F,p3452
FABP5,p3453
PI3K-110α,p3454
DUSP1,p3455
HDAC6,p3456
REDD1,p3457
PCM1,p3458
RAC1,p3459
PRDX4,p3460
Smad2,p3461
Bub3,p3462
CTBP1,p3463
MDH2,p3464
p32,p3465
Vps13D,p3466
HIF2α,p3467
Stau1,p3468
PGK1,p3469
MYH1B,p3470
ENO1,p3471
HDAC3,p3472
G3BP2,p3473
USF1,p3474
Hsp90α,p3475
METTL7A,p3476
HIF-1α,p3477
ANKHD1,p3478
HDAC10,p3479
GCN5,p3480
SF3B4,p3481
EFTUD2,p3482
YBX3,p3483
DDX52,p3484
SUPV3L1,p3485
FASTKD2,p3486
TROVE2,p3487
AKAP1,p3488
SAFB,p3489
PHF6,p3490
GTF2F1,p3491
DROSHA,p3492
EXOSC5,p3493
ZC3H11A,p3494
STAU2,p3495
CDC40,p3496
SF3A3,p3497
NSUN2,p3498
KHDRBS1,p3499
AATF,p3500
WRN,p3501
ZRANB2,p3502
LARP7,p3503
SUB1,p3504
APOBEC3C,p3505
NIP7,p3506
ZC3H8,p3507
NIPBL,p3508
SDAD1,p3509
DDX51,p3510
ZNF800,p3511
AARS,p3512
MTPAP,p3513
CPEB4,p3514
ABCF1,p3515
POLR2G,p3516
UTP3,p3517
WDR3,p3518
